ranking,tecnologia,github_score,so_score,reddit_score,trend_score,fuentes
1,Python,100.0,100.0,5.79,76.45,3
2,TypeScript,71.74,17.77,0.96,35.16,3
3,AI/ML,0.0,0.0,100.0,25.0,1
4,JavaScript,19.57,42.63,0.0,22.75,2
5,Java,1.55,39.55,0.0,14.46,2
6,Go,14.6,0.0,0.0,5.84,1
7,Microservices,0.0,0.0,19.61,4.9,1
8,Performance,0.0,0.0,16.08,4.02,1
9,Rust,9.94,0.0,0.0,3.98,1
10,Cloud,0.0,0.0,10.93,2.73,1
11,Shell,6.21,0.0,0.0,2.48,1
12,Security,0.0,0.0,7.72,1.93,1
13,Jupyter Notebook,4.66,0.0,0.0,1.86,1
14,C++,4.66,0.0,0.0,1.86,1
15,Testing,0.0,0.0,6.75,1.69,1
16,Swift,3.11,0.0,0.0,1.24,1
17,Kotlin,3.11,0.0,0.0,1.24,1
18,DevOps,0.0,0.0,4.82,1.2,1
19,C#,1.55,0.0,0.0,0.62,1
20,C,1.55,0.0,0.0,0.62,1
21,Html,0.62,0.0,0.0,0.25,1
22,Vue,0.0,0.0,0.0,0.0,0
23,Web3,0.0,0.0,0.0,0.0,0
